aba	Abbey
abn	Abua
aha	Ahanta
bja	Budza
bmb	Bembe
chw	Chuabo
cri	Sãotomense
dav	Taita
diu	Rumanyo
fat	Fante
fub	Fulfulde (Cameroon)
hay	Haya
heh	Hehe
hem	Kihemba
hig	Kamwe
its	Itsekiri
kam	Kamba
kck	Kalanga (Botswana)
kde	Makonde
kdn	Kunda
kea	Kabuverdianu
kny	Kanyok
koo	Lhukonzo
kss	Kisi
kuj	Kuria
lam	Lamba
ldi	Lari
leh	Lenje
lol	Lomongo
loz	Silozi
lub	Kiluba
lue	Luvale
mer	Meru
mgr	Mambwe-Lungu
mgv	Matengo
nba	Ngangela
ndc	Ndau
nde	Ndebele (Zimbabwe)
ndh	Ndali
ngl	Lomwe
nmq	Nambya
nnb	Kinande
nse	Nsenga (Mozambique)
nsx	Songo
nyd	Olunyole
nyf	Giryama
nyk	Nyaneka
nym	Nyamwezi
nyn	Runyankore
nyu	Nyungwe
nzu	Teke (Congo Brazzaville)
pem	Kipende
phm	Phimbi
pov	Bissau Guinean Creole
puu	Punu
seh	Sena
shr	Mashi
sng	Sanga
soe	Songomeno
sop	Kisonge
suk	Sukuma
swb	Mahorian (Roman)
swc	Swahili (Congo)
tek	Teke (Congo Kinshasa)
tll	Otetela
tog	Chitonga (Malawi)
toh	Gitonga
toi	Chitonga
tsc	Tshwa
tzm	Tamazight
yaf	Yaka
yao	Chiyao
yky	Yakoma
yom	Ibinda
zdj	Comorian (Ngazidja)
